exp_id,date,git_hash,model,features,total_score,one_minus_nmae,ficr,nmae_g1,nmae_g2,nmae_g3,ficr_g1,ficr_g2,ficr_g3,val_period,fit_seconds,public_score,note
exp001,2026-07-27,ed453f7(dirty),lightgbm_l1,v1_179feat,0.607436,0.868979,0.345893,0.123563,0.122647,0.146852,0.345041,0.427062,0.265574,2024-01-01~2024-12-31,23.4,,모델 선택 실험
exp002,2026-07-27,ed453f7(dirty),xgboost_l1,v1_179feat,0.604894,0.868897,0.34089,0.124265,0.123927,0.145115,0.340359,0.413217,0.269094,2024-01-01~2024-12-31,15.5,,모델 선택 실험
exp003,2026-07-27,ed453f7(dirty),catboost_mae,v1_179feat,0.60164,0.868027,0.335253,0.12511,0.125093,0.145717,0.331982,0.406643,0.267133,2024-01-01~2024-12-31,85.7,,모델 선택 실험
exp004,2026-07-27,ed453f7(dirty),lightgbm_residual,v1_179feat,0.599552,0.86663,0.332474,0.124716,0.124898,0.150495,0.338465,0.411358,0.247599,2024-01-01~2024-12-31,34.9,,모델 선택 실험
exp005,2026-07-27,ed453f7(dirty),lightgbm_l2,v1_179feat,0.596887,0.86789,0.325885,0.122937,0.122035,0.151359,0.343152,0.378515,0.255986,2024-01-01~2024-12-31,7.2,,모델 선택 실험
exp006,2026-07-27,ed453f7(dirty),ridge,v1_179feat,0.592596,0.868754,0.316438,0.125595,0.125202,0.142941,0.30925,0.374042,0.266022,2024-01-01~2024-12-31,0.4,,모델 선택 실험
exp007,2026-07-27,ed453f7(dirty),baseline_pc_pred,v1_179feat,0.571717,0.84366,0.299773,0.151752,0.15517,0.162096,0.29275,0.355819,0.25075,2024-01-01~2024-12-31,0.0,,모델 선택 실험
exp008,2026-07-27,ed453f7(dirty),baseline_pc_pred_rho,v1_179feat,0.560099,0.838922,0.281275,0.158147,0.158411,0.166676,0.271592,0.336644,0.23559,2024-01-01~2024-12-31,0.0,,모델 선택 실험
exp009,2026-07-27,ed453f7(dirty),B_decision_theoretic,v1_179feat,0.631487,0.865285,0.397689,0.124965,0.134383,0.144797,0.409297,0.46553,0.318239,2024-01-01~2024-12-31,,,[CV 0.6052] 분위수 10개 -> 기대점수 최대화 점예측
exp010,2026-07-27,ed453f7(dirty),C_optuna_tuned,v1_179feat,0.631475,0.862561,0.400389,0.13256,0.127996,0.151762,0.43205,0.447243,0.321873,2024-01-01~2024-12-31,,,"[CV 0.6084] Optuna 20회/그룹, 목적=폴드평균 group_score"
exp011,2026-07-27,ed453f7(dirty),A_metric_aware_tau,v1_179feat,0.630751,0.863555,0.397948,0.135236,0.126494,0.147607,0.42186,0.455855,0.316129,2024-01-01~2024-12-31,,,"[CV 0.6059] 채점행=all, actual가중=True, 그룹별 tau=0.70/0.50/0.65"
exp012,2026-07-27,ed453f7(dirty),lightgbm_l1_baseline,v1_179feat,0.60739,0.868834,0.345947,0.123595,0.123052,0.146851,0.34689,0.425582,0.265368,2024-01-01~2024-12-31,,,[CV 0.5753] 튜닝 재현(기준선)
exp018,2026-07-28,b31e0c0(dirty),blend(lightgbm_quantile + mlp_metric_loss),A2_v1feat_v1retuned,0.648721,0.874377,0.423065,0.117464,0.123805,0.1356,0.437383,0.471471,0.36034,2024-01-01~2024-12-31,152.7,,06_feature_ablation 2x2 | 피처 179개 | T_soft=0.003 | alpha=0.66/0.50/0.66 | w=0.65/0.35/0.85 | LGB단독 0.6330 MLP단독 0.6455
exp019,2026-07-28,b31e0c0(dirty),blend(lightgbm_quantile + mlp_metric_loss),B_v2feat_v1hp,0.649422,0.876165,0.422679,0.115346,0.123472,0.132686,0.433441,0.475126,0.359471,2024-01-01~2024-12-31,141.9,,06_feature_ablation 2x2 | 피처 200개 | T_soft=0.006 | alpha=0.70/0.50/0.65 | w=0.80/0.50/0.90 | LGB단독 0.6280 MLP단독 0.6462
exp020,2026-07-28,b31e0c0(dirty),blend(lightgbm_quantile + mlp_metric_loss),C_v1feat_v2hp,0.647862,0.874884,0.42084,0.11541,0.124567,0.135371,0.428063,0.476611,0.357844,2024-01-01~2024-12-31,156.8,,06_feature_ablation 2x2 | 피처 179개 | T_soft=0.003 | alpha=0.63/0.55/0.70 | w=0.85/0.65/0.95 | LGB단독 0.6314 MLP단독 0.6455
exp021,2026-07-28,b31e0c0(dirty),blend(lightgbm_quantile + mlp_metric_loss),D_v2feat_v2hp,0.649306,0.876118,0.422495,0.1143,0.12387,0.133477,0.439949,0.469066,0.358468,2024-01-01~2024-12-31,164.7,,06_feature_ablation 2x2 | 피처 200개 | T_soft=0.003 | alpha=0.63/0.55/0.70 | w=0.85/0.65/0.95 | LGB단독 0.6352 MLP단독 0.6470
exp026,2026-07-29,f08e160(dirty),blend(lightgbm_quantile + mlp_metric_loss),A3_v1feat_tsoft0.001,0.649242,0.873992,0.424492,0.117824,0.123813,0.136388,0.440198,0.469184,0.364093,2024-01-01~2024-12-31,163.2,,06 §12 T_soft 격자 하방 확장 | 피처 179개 | T_soft=0.001 | alpha=0.66/0.50/0.66 | w=0.60/0.30/1.00 | LGB단독 0.6330 MLP단독 0.6469
exp027,2026-07-29,f08e160(dirty),FINAL blend(lightgbm_quantile + mlp_metric_loss),v1_179feat,0.6492,0.874,0.4245,,,,,,,2024 홀드아웃(학습 제외 시). 최종 모델은 2022~2024 전체 학습,,0.6317298701,"제출 submission_exp027.csv | 구성 A3 | blend_w={'kpx_group_1': 0.6, 'kpx_group_2': 0.3, 'kpx_group_3': 1.0} | T_SOFT=0.001 | MLP 시드5평균 | reports/06_feature_ablation.md §12-7 (exp026) | Public 0.6317298701 (1-NMAE 0.8602258777 FICR 0.4032338624) -- exp017 대비 -0.0071 역행. 오프셋 -0.0175 (exp017 -0.0070의 2.5배)"
exp028,2026-07-29,f08e160(dirty),FINAL blend(lightgbm_quantile + mlp_metric_loss),v1_179feat,0.6487,0.8744,0.4231,,,,,,,2024 홀드아웃(학습 제외 시). 최종 모델은 2022~2024 전체 학습,,0.6344589723,"제출 submission_exp028.csv | 구성 A2 | blend_w={'kpx_group_1': 0.65, 'kpx_group_2': 0.35, 'kpx_group_3': 0.85} | T_SOFT=0.003 | MLP 시드5평균 | reports/06_feature_ablation.md §11-4 (exp018) | Public 0.6344589723 (1-NMAE 0.8619877871 FICR 0.4069301575) -- exp017 대비 -0.0044 역행. 오프셋 -0.0142"
exp017,2026-07-29,f08e160(dirty),FINAL blend(lightgbm_quantile + mlp_metric_loss),v1_179feat,0.6458,0.8744,0.4172,,,,,,,2024 홀드아웃(학습 제외 시). 최종 모델은 2022~2024 전체 학습,,,"제출 submission_exp017.csv | 구성 exp017 | blend_w={'kpx_group_1': 0.8, 'kpx_group_2': 0.5, 'kpx_group_3': 0.9} | T_SOFT=0.006 | MLP 시드5평균 | reports/train.md — Public 0.6388632247 (오프셋 -0.0070)"
exp029,2026-07-29,f08e160(dirty),blend(lightgbm_quantile + mlp_metric_loss),A2_v1feat_v1retuned,0.648721,0.874377,0.423065,0.117464,0.123805,0.1356,0.437383,0.471471,0.36034,2024-01-01~2024-12-31,147.0,,06_feature_ablation 2x2 | 피처 179개 | T_soft=0.003 | alpha=0.66/0.50/0.66 | w=0.65/0.35/0.85 | LGB단독 0.6330 MLP단독 0.6455
exp030,2026-07-29,f08e160(dirty),blend(lightgbm_quantile + mlp_metric_loss),B_v2feat_v1hp,0.649422,0.876165,0.422679,0.115346,0.123472,0.132686,0.433441,0.475126,0.359471,2024-01-01~2024-12-31,135.3,,06_feature_ablation 2x2 | 피처 200개 | T_soft=0.006 | alpha=0.70/0.50/0.65 | w=0.80/0.50/0.90 | LGB단독 0.6280 MLP단독 0.6462
exp031,2026-07-29,f08e160(dirty),blend(lightgbm_quantile + mlp_metric_loss),C_v1feat_v2hp,0.647862,0.874884,0.42084,0.11541,0.124567,0.135371,0.428063,0.476611,0.357844,2024-01-01~2024-12-31,150.1,,06_feature_ablation 2x2 | 피처 179개 | T_soft=0.003 | alpha=0.63/0.55/0.70 | w=0.85/0.65/0.95 | LGB단독 0.6314 MLP단독 0.6455
exp032,2026-07-29,f08e160(dirty),blend(lightgbm_quantile + mlp_metric_loss),D_v2feat_v2hp,0.649306,0.876118,0.422495,0.1143,0.12387,0.133477,0.439949,0.469066,0.358468,2024-01-01~2024-12-31,155.1,,06_feature_ablation 2x2 | 피처 200개 | T_soft=0.003 | alpha=0.63/0.55/0.70 | w=0.85/0.65/0.95 | LGB단독 0.6352 MLP단독 0.6470
exp033,2026-07-29,f08e160(dirty),blend(lightgbm_quantile + mlp_metric_loss),A3_v1feat_tsoft0.001,0.649242,0.873992,0.424492,0.117824,0.123813,0.136388,0.440198,0.469184,0.364093,2024-01-01~2024-12-31,157.9,,06 §12 T_soft 격자 하방 확장 | 피처 179개 | T_soft=0.001 | alpha=0.66/0.50/0.66 | w=0.60/0.30/1.00 | LGB단독 0.6330 MLP단독 0.6469
